EXP_NAME,ID,DATASET,SETUP,THRESHOLD,MODEL,BEST_OR_LAST,LOSS,PRECISION_1,RECALL_1,F1_1,IOU_1,ASSD_1,PRECISION_2,RECALL_2,F1_2,IOU_2,ASSD_2,VAL_PRECISION_1,VAL_RECALL_1,VAL_F1_1,VAL_IOU_1,VAL_ASSD_1VAL_PRECISION_2,VAL_RECALL_2,VAL_F1_2,VAL_IOU_2,VAL_ASSD_2
CTAI_SEG_CNN_I3_VOLUME-MAX_AREA_D_AREAN_H_D-LIMIT_AREA_DICE_BEST_I,I,I3,VOLUME-MAX_AREA_D_AREAN_H_D-LIMIT_AREA,0.5,UNET-R64,BEST,DICE,0.9650042454975254,0.9479532355299456,0.9564027490335802,0.9164481299159295,1.4840120833577624,0.8303920454224821,0.64971196561627,0.7290239659372563,0.5735937943746207,8.165609171011413,0.9684522724925171,0.9578835264572108,0.9631389070238022,0.9288986861868025,0.90051022766355460.7836994302004763,0.7138397426035306,0.7471401211967611,0.596347711214479,3.3997224030453905
