EXP_NAME,ID,DATASET,SETUP,THRESHOLD,MODEL,BEST_OR_LAST,LOSS,PRECISION_1,RECALL_1,F1_1,IOU_1,ASSD_1,VAL_PRECISION_1,VAL_RECALL_1,VAL_F1_1,VAL_IOU_1,VAL_ASSD_1
CTAI_SEG_CNN_I3_MI_MGB-MAX_MGB-LIMIT_AREA_DICE_LAST_J,J,I3_MI,MGB-MAX_MGB-LIMIT_AREA,0.5,UNET-R64,LAST,DICE,0.9471425895493057,0.9529644604649198,0.9500446059883243,0.904842826092248,1.559407739061153,0.9596703067850502,0.968029740417058,0.9638318983406565,0.9301887375196688,2.1900754412438066
