EXP_NAME,ID,DATASET,SETUP,THRESHOLD,MODEL,BEST_OR_LAST,LOSS,PRECISION_1,RECALL_1,F1_1,IOU_1,ASSD_1,VAL_PRECISION_1,VAL_RECALL_1,VAL_F1_1,VAL_IOU_1,VAL_ASSD_1
CTAI_SEG_CNN_I3_MI_MGB-MAX_MGB-LIMIT_AREA_DICE_LAST_D,D,I3_MI,MGB-MAX_MGB-LIMIT_AREA,0.5,UNET-R64,LAST,DICE,0.939748843369959,0.951837931782588,0.9457547570305941,0.8970917946632269,1.5010262406901413,0.9545121340867726,0.9682073816683986,0.9613109832630916,0.9255041381713041,2.196801444847461
