EXP_NAME,ID,DATASET,SETUP,THRESHOLD,MODEL,BEST_OR_LAST,LOSS,PRECISION_1,RECALL_1,F1_1,IOU_1,ASSD_1,VAL_PRECISION_1,VAL_RECALL_1,VAL_F1_1,VAL_IOU_1,VAL_ASSD_1
CTAI_SEG_CNN_I3_ER_MGB-MAX_MGB-LIMIT_AREA_DICE_BEST_D,D,I3_ER,MGB-MAX_MGB-LIMIT_AREA,0.5,UNET-R64,BEST,DICE,0.8209749901105408,0.6322741060463567,0.7143733711326761,0.5556616167495385,9.097714106043716,0.7700822332904008,0.737093720944233,0.753226956911363,0.604141195614392,4.055870576461635
