EXP_NAME,ID,DATASET,SETUP,THRESHOLD,MODEL,BEST_OR_LAST,LOSS,PRECISION_1,RECALL_1,F1_1,IOU_1,ASSD_1,PRECISION_2,RECALL_2,F1_2,IOU_2,ASSD_2,VAL_PRECISION_1,VAL_RECALL_1,VAL_F1_1,VAL_IOU_1,VAL_ASSD_1VAL_PRECISION_2,VAL_RECALL_2,VAL_F1_2,VAL_IOU_2,VAL_ASSD_2
CTAI_SEG_CNN_I3_CONTRAST-MAX_AREA_D_AREAN_H_D-LIMIT_AREA_DICE_LAST_F,F,I3,CONTRAST-MAX_AREA_D_AREAN_H_D-LIMIT_AREA,0.5,UNET-R64,LAST,DICE,0.9524636179330375,0.9512174627611774,0.9518401324787076,0.9081058738965426,3.900794063215665,0.8290717062949557,0.6965594193519494,0.7570607293333388,0.6090890739394554,7.644225621678274,0.9643401841373412,0.9598975592551235,0.9621137431938133,0.9269934319724563,2.16481406900110150.7711873142405553,0.7206325210539342,0.745053317187298,0.5936932041745517,4.0281625859702235
