EXP_NAME,ID,DATASET,SETUP,THRESHOLD,MODEL,BEST_OR_LAST,LOSS,PRECISION_1,RECALL_1,F1_1,IOU_1,ASSD_1,VAL_PRECISION_1,VAL_RECALL_1,VAL_F1_1,VAL_IOU_1,VAL_ASSD_1
CTAI_SEG_CNN_I3_ER_AREA_2048_1048576_DICE_LAST_F,F,I3_ER,AREA_2048_1048576,0.5,UNET-R64,LAST,DICE,0.8326636995775192,0.6698090893092662,0.7424104029572923,0.5903439442431075,6.529915163467745,0.7714163868010022,0.7163046750102009,0.7428397411707253,0.5908870694516637,3.400607715646963
