EXP_NAME,ID,DATASET,SETUP,THRESHOLD,MODEL,BEST_OR_LAST,LOSS,PRECISION_1,RECALL_1,F1_1,IOU_1,ASSD_1,VAL_PRECISION_1,VAL_RECALL_1,VAL_F1_1,VAL_IOU_1,VAL_ASSD_1
CTAI_SEG_CNN_I3_MI_MGB-MAX_MGB-LIMIT_AREA_DICE_LAST_B,B,I3_MI,MGB-MAX_MGB-LIMIT_AREA,0.5,UNET-R64,LAST,DICE,0.9403230380829726,0.9601247774120792,0.9501207455145878,0.9049809694356518,3.6996133471151125,0.9419058678788185,0.9750722546462944,0.9582021489607716,0.9197582314121043,12.651632077444004
