EXP_NAME,ID,DATASET,SETUP,THRESHOLD,MODEL,BEST_OR_LAST,LOSS,PRECISION_1,RECALL_1,F1_1,IOU_1,ASSD_1,VAL_PRECISION_1,VAL_RECALL_1,VAL_F1_1,VAL_IOU_1,VAL_ASSD_1
CTAI_SEG_CNN_I3_MI_MGB-MAX_MGB-LIMIT_AREA_DICE_LAST_I,I,I3_MI,MGB-MAX_MGB-LIMIT_AREA,0.5,UNET-R64,LAST,DICE,0.9399942058038842,0.9580692067443606,0.9489456433805334,0.9028511583669678,2.60664932307921,0.9529145296657884,0.9772513015306706,0.9649294887643195,0.9322355127404551,6.096575634085255
