EXP_NAME,ID,DATASET,SETUP,THRESHOLD,MODEL,BEST_OR_LAST,LOSS,PRECISION_1,RECALL_1,F1_1,IOU_1,ASSD_1,VAL_PRECISION_1,VAL_RECALL_1,VAL_F1_1,VAL_IOU_1,VAL_ASSD_1
CTAI_SEG_CNN_I3_ER_BASELINE_DICE_BEST_Z,Z,I3_ER,BASELINE,0.5,UNET-R64,BEST,DICE,0.8301095802531759,0.6317253489811095,0.717456196716661,0.5594009303073768,7.938619810686739,0.7809017714784049,0.7115761520298066,0.7446288737801963,0.5931543734181909,3.97084989152882
