EXP_NAME,ID,DATASET,SETUP,THRESHOLD,MODEL,BEST_OR_LAST,LOSS,PRECISION_1,RECALL_1,F1_1,IOU_1,ASSD_1,VAL_PRECISION_1,VAL_RECALL_1,VAL_F1_1,VAL_IOU_1,VAL_ASSD_1
CTAI_SEG_CNN_I3_ER_AREA_4096_DICE_BEST_J,J,I3_ER,AREA_4096,0.5,UNET-R64,BEST,DICE,0.8311198956720189,0.6431817565398281,0.7251720210603346,0.5688391163672878,9.022451401674667,0.7740280718107616,0.6820939550626434,0.7251588247237124,0.568822876752905,4.112235860529424
