EXP_NAME,ID,DATASET,SETUP,THRESHOLD,MODEL,BEST_OR_LAST,LOSS,PRECISION_1,RECALL_1,F1_1,IOU_1,ASSD_1,VAL_PRECISION_1,VAL_RECALL_1,VAL_F1_1,VAL_IOU_1,VAL_ASSD_1
CTAI_SEG_CNN_I3_MI_MGB-MAX_MGB-LIMIT_AREA_DICE_LAST_G,G,I3_MI,MGB-MAX_MGB-LIMIT_AREA,0.5,UNET-R64,LAST,DICE,0.9454901382415051,0.9464910744083351,0.9459903415566435,0.8975158187390385,2.4679446836338688,0.9576680697688653,0.9653369975069959,0.9614872418288622,0.925830938776409,3.7449921872113685
